{"cameraMode":{"drawMode":0,"name":"Shaded","section":"Shading Mode"},"sceneLighting":false,"audioPlay":false,"sceneViewState":{"m_AlwaysRefresh":false,"showFog":true,"showSkybox":false,"showFlares":true,"showImageEffects":true,"showParticleSystems":true,"showVisualEffectGraphs":true,"m_FxEnabled":true},"in2DMode":false,"pivot":{"x":-0.509415864944458,"y":0.48981916904449465,"z":14.724079132080079},"rotation":{"x":0.15234921872615815,"y":0.5590332746505737,"z":-0.10536811500787735,"w":0.8082108497619629},"size":1.4332807064056397,"orthographic":false}