{"cameraMode":{"drawMode":0,"name":"Shaded","section":"Shading Mode"},"sceneLighting":false,"audioPlay":false,"sceneViewState":{"m_AlwaysRefresh":false,"showFog":true,"showSkybox":false,"showFlares":true,"showImageEffects":true,"showParticleSystems":true,"showVisualEffectGraphs":true,"m_FxEnabled":true},"in2DMode":false,"pivot":{"x":-253.92977905273438,"y":278.0740661621094,"z":-253.77967834472657},"rotation":{"x":0.21785470843315125,"y":0.40309903025627139,"z":-0.09941090643405914,"w":0.8832924365997315},"size":803.7200927734375,"orthographic":false}