{"cameraMode":{"drawMode":0,"name":"Shaded","section":"Shading Mode"},"sceneLighting":true,"audioPlay":false,"sceneViewState":{"m_AlwaysRefresh":false,"showFog":true,"showSkybox":true,"showFlares":true,"showImageEffects":true,"showParticleSystems":true,"showVisualEffectGraphs":true,"m_FxEnabled":true},"in2DMode":false,"pivot":{"x":-0.31304168701171877,"y":-4.511882781982422,"z":0.33928585052490237},"rotation":{"x":0.2928091585636139,"y":0.40688255429267886,"z":-0.13950495421886445,"w":0.8539890050888062},"size":14.413138389587403,"orthographic":false}