{"cameraMode":{"drawMode":0,"name":"Shaded","section":"Shading Mode"},"sceneLighting":true,"audioPlay":false,"sceneViewState":{"m_AlwaysRefresh":false,"showFog":true,"showSkybox":true,"showFlares":true,"showImageEffects":true,"showParticleSystems":true,"showVisualEffectGraphs":true,"m_FxEnabled":true},"in2DMode":false,"pivot":{"x":-3.7474231719970705,"y":0.7888631820678711,"z":3.504031181335449},"rotation":{"x":0.2613297700881958,"y":0.14044363796710969,"z":-0.03845570236444473,"w":0.954230785369873},"size":10.777406692504883,"orthographic":false}