{"cameraMode":{"drawMode":0,"name":"Shaded","section":"Shading Mode"},"sceneLighting":false,"audioPlay":false,"sceneViewState":{"m_AlwaysRefresh":false,"showFog":true,"showSkybox":false,"showFlares":true,"showImageEffects":true,"showParticleSystems":true,"showVisualEffectGraphs":true,"m_FxEnabled":true},"in2DMode":false,"pivot":{"x":0.1579071283340454,"y":0.8440722227096558,"z":-0.8911246061325073},"rotation":{"x":-0.024085016921162607,"y":0.9597769379615784,"z":-0.26594600081443789,"w":-0.08693580329418183},"size":1.804011344909668,"orthographic":false}